Player,Name,Display Name,Level,Inventions,Rooms,Genre,Subscribers
1,Caso,"""@Casorama""",50,6,7,"""#Hangout""",1802
2,aNtonic,"""@aNtonic""",50,21,1,"""#Game""",32
3,ConstructionMan,"""@ANormalNameNotTaken""",50,13,12,"""#PVP""",87
4,POW,"""@POW""",50,81,136,"""#Art""",74238
5,Alaina,"""@Alainaaa2""",50,0,0,"""#PVP""",46
6,Atreus,"""@Novpika09""",50,9,8,"""#Hangout""",55
7,Bean_,"""@beansandsarahtonin""",50,3,1,"""#PVP""",62
8,Blobbs,"""@blobbies""",50,79,29,"""#Hangout""",7263
9,CallMeCole,"""@ColeLastname""",38,0,0,"""#PVP""",4
10,Cheetahs1854,"""@Cheetahs1854""",6,0,0,"""#Game""",0
